<?xml version="1.0" encoding="UTF-8"?>
<project-private xmlns="http://www.netbeans.org/ns/project-private/1">
    <editor-bookmarks xmlns="http://www.netbeans.org/ns/editor-bookmarks/2" lastBookmarkId="0"/>
    <open-files xmlns="http://www.netbeans.org/ns/projectui-open-files/2">
        <group>
            <file>file:/D:/4SEM/Rec/src/miniproject/Display.java</file>
            <file>file:/D:/4SEM/Rec/src/miniproject/Demo.java</file>
            <file>file:/D:/4SEM/Rec/src/miniproject/Welcome.java</file>
            <file>file:/D:/4SEM/Rec/src/miniproject/St_Search.java</file>
            <file>file:/D:/4SEM/Rec/src/miniproject/St_Register.java</file>
            <file>file:/D:/4SEM/Rec/src/miniproject/Menu.java</file>
            <file>file:/D:/4SEM/Rec/src/miniproject/Login.java</file>
            <file>file:/D:/4SEM/Rec/src/miniproject/Rec_Selected.java</file>
            <file>file:/D:/4SEM/Rec/src/miniproject/Recruiter_Reg.java</file>
            <file>file:/D:/4SEM/Rec/src/miniproject/First.java</file>
        </group>
    </open-files>
</project-private>
